{"cameraMode":{"drawMode":0,"name":"Shaded","section":"Shading Mode"},"sceneLighting":false,"audioPlay":false,"sceneViewState":{"m_AlwaysRefresh":false,"showFog":true,"showSkybox":false,"showFlares":true,"showImageEffects":true,"showParticleSystems":true,"showVisualEffectGraphs":true,"m_FxEnabled":true},"in2DMode":false,"pivot":{"x":-1.538899540901184,"y":11.008170127868653,"z":3.793623924255371},"rotation":{"x":0.005682257004082203,"y":0.05307178199291229,"z":0.00030201839399524033,"w":-0.998578667640686},"size":11.617030143737793,"orthographic":false}