{"cameraMode":{"drawMode":0,"name":"Shaded","section":"Shading Mode"},"sceneLighting":true,"audioPlay":false,"sceneViewState":{"m_AlwaysRefresh":false,"showFog":true,"showSkybox":true,"showFlares":true,"showImageEffects":true,"showParticleSystems":true,"showVisualEffectGraphs":true,"m_FxEnabled":true},"in2DMode":false,"pivot":{"x":-4.894145488739014,"y":1.3542603254318238,"z":29.75951385498047},"rotation":{"x":-0.023665519431233407,"y":0.06113097444176674,"z":-0.00143285165540874,"w":-0.9978947043418884},"size":17.47922134399414,"orthographic":false}