{"cameraMode":{"drawMode":0,"name":"Shaded","section":"Shading Mode"},"sceneLighting":true,"audioPlay":false,"sceneViewState":{"m_AlwaysRefresh":false,"showFog":true,"showSkybox":true,"showFlares":true,"showImageEffects":true,"showParticleSystems":true,"showVisualEffectGraphs":true,"m_FxEnabled":true},"in2DMode":false,"pivot":{"x":-1.0486197471618653,"y":2.821074962615967,"z":1.0249507427215577},"rotation":{"x":-0.12227772921323776,"y":0.04582297056913376,"z":-0.005639703944325447,"w":-0.9914683103561401},"size":1.9209933280944825,"orthographic":false}