{"cameraMode":{"drawMode":0,"name":"Shaded","section":"Shading Mode"},"sceneLighting":true,"audioPlay":false,"sceneViewState":{"m_AlwaysRefresh":false,"showFog":true,"showSkybox":true,"showFlares":true,"showImageEffects":true,"showParticleSystems":true,"showVisualEffectGraphs":true,"m_FxEnabled":true},"in2DMode":false,"pivot":{"x":-0.07845866680145264,"y":2.5275893211364748,"z":0.04464218020439148},"rotation":{"x":-0.1099642813205719,"y":-0.09707392007112503,"z":0.010807719081640244,"w":-0.9892100691795349},"size":2.4329910278320314,"orthographic":false}