{"cameraMode":{"drawMode":0,"name":"Shaded","section":"Shading Mode"},"sceneLighting":true,"audioPlay":false,"sceneViewState":{"m_AlwaysRefresh":false,"showFog":true,"showSkybox":true,"showFlares":true,"showImageEffects":true,"showParticleSystems":true,"showVisualEffectGraphs":true,"m_FxEnabled":true},"in2DMode":false,"pivot":{"x":0.407408744096756,"y":1.2883038520812989,"z":2.159515857696533},"rotation":{"x":-0.24616684019565583,"y":-0.0003026388876605779,"z":0.00009893691458273679,"w":-0.9692807197570801},"size":2.666025400161743,"orthographic":false}