{"cameraMode":{"drawMode":0,"name":"Shaded","section":"Shading Mode"},"sceneLighting":false,"audioPlay":false,"sceneViewState":{"m_AlwaysRefresh":false,"showFog":true,"showSkybox":false,"showFlares":true,"showImageEffects":true,"showParticleSystems":true,"showVisualEffectGraphs":true,"m_FxEnabled":true},"in2DMode":false,"pivot":{"x":578.8126220703125,"y":696.5098876953125,"z":-0.3277374505996704},"rotation":{"x":-0.010806627571582795,"y":0.024593815207481386,"z":-0.00024475838290527463,"w":-0.9996564984321594},"size":273.98260498046877,"orthographic":false}